               epoch,      train/box_loss,      train/obj_loss,      train/cls_loss,   metrics/precision,      metrics/recall,     metrics/mAP_0.5,metrics/mAP_0.5:0.95,        val/box_loss,        val/obj_loss,        val/cls_loss,               x/lr0,               x/lr1,               x/lr2
                   0,             0.11574,            0.018836,                   0,                   0,                   0,                   0,                   0,            0.092748,            0.018333,                   0,              0.0991,              0.0001,              0.0001
                   1,             0.13591,            0.016674,                   0,                   0,                   0,                   0,                   0,            0.092241,            0.018351,                   0,            0.097299,           0.0002991,           0.0002991
                   2,             0.11699,            0.016205,                   0,                   0,                   0,                   0,                   0,            0.091595,            0.018332,                   0,            0.095497,            0.000497,            0.000497
                   3,             0.11427,             0.01702,                   0,                   0,                   0,                   0,                   0,            0.090699,            0.018293,                   0,            0.093694,           0.0006937,           0.0006937
                   4,             0.11255,            0.016419,                   0,                   0,                   0,                   0,                   0,             0.09001,            0.018073,                   0,            0.091889,           0.0008892,           0.0008892
                   5,             0.13531,            0.016507,                   0,                   0,                   0,                   0,                   0,            0.089353,            0.017878,                   0,            0.090084,           0.0010835,           0.0010835
                   6,            0.089485,            0.016533,                   0,                   0,                   0,                   0,                   0,            0.088407,            0.017818,                   0,            0.088277,           0.0012766,           0.0012766
                   7,             0.11157,            0.017384,                   0,                   0,                   0,                   0,                   0,            0.087654,            0.017894,                   0,            0.086469,           0.0014685,           0.0014685
                   8,             0.11262,            0.013688,                   0,                   0,                   0,                   0,                   0,            0.087132,            0.017935,                   0,            0.084659,           0.0016592,           0.0016592
                   9,             0.10758,            0.014444,                   0,                   0,                   0,                   0,                   0,            0.086611,            0.017872,                   0,            0.082849,           0.0018487,           0.0018487
                  10,             0.10805,            0.016216,                   0,                   0,                   0,                   0,                   0,            0.086462,            0.017711,                   0,            0.081037,            0.002037,            0.002037
                  11,            0.087221,            0.015916,                   0,                   0,                   0,                   0,                   0,            0.086593,            0.017417,                   0,            0.079224,           0.0022241,           0.0022241
                  12,            0.087343,            0.014918,                   0,                   0,                   0,                   0,                   0,            0.085924,            0.017494,                   0,             0.07741,             0.00241,             0.00241
                  13,             0.12815,            0.016255,                   0,                   0,                   0,                   0,                   0,            0.084791,            0.017516,                   0,            0.075595,           0.0025947,           0.0025947
                  14,             0.10943,            0.014205,                   0,                   0,                   0,                   0,                   0,            0.083513,            0.017563,                   0,            0.073778,           0.0027782,           0.0027782
                  15,             0.11057,            0.015695,                   0,                   0,                   0,                   0,                   0,            0.082378,             0.01749,                   0,            0.071961,           0.0029605,           0.0029605
                  16,            0.084952,            0.012891,                   0,                   0,                   0,                   0,                   0,            0.079773,            0.017911,                   0,            0.070142,           0.0031416,           0.0031416
                  17,            0.085733,            0.014101,                   0,                   0,                   0,                   0,                   0,            0.078521,            0.018042,                   0,            0.068322,           0.0033215,           0.0033215
                  18,             0.10469,            0.014505,                   0,                   0,                   0,                   0,                   0,            0.077977,             0.01803,                   0,              0.0665,           0.0035002,           0.0035002
                  19,             0.10299,            0.014153,                   0,                   0,                   0,                   0,                   0,            0.077611,            0.017967,                   0,            0.064678,           0.0036777,           0.0036777
                  20,            0.081029,            0.013802,                   0,                   0,                   0,                   0,                   0,            0.076158,            0.017952,                   0,            0.062854,            0.003854,            0.003854
                  21,            0.080035,            0.015749,                   0,          0.00066667,              0.0625,          0.00041114,          4.1114e-05,            0.072779,            0.018366,                   0,            0.061029,           0.0040291,           0.0040291
                  22,            0.081775,            0.012702,                   0,          0.00066667,              0.0625,          0.00039147,          3.9147e-05,            0.071993,            0.018448,                   0,            0.059203,            0.004203,            0.004203
                  23,            0.077995,            0.014064,                   0,           0.0013333,               0.125,          0.00080319,          0.00019755,            0.073429,            0.018548,                   0,            0.057376,           0.0043757,           0.0043757
                  24,            0.076814,            0.012824,                   0,                   0,                   0,                   0,                   0,            0.070316,            0.018936,                   0,            0.055547,           0.0045472,           0.0045472
                  25,            0.093938,            0.016302,                   0,               0.002,              0.1875,           0.0012495,          0.00028001,            0.066695,            0.019075,                   0,            0.053718,           0.0047175,           0.0047175
                  26,            0.094002,            0.012973,                   0,           0.0046667,              0.4375,           0.0045293,          0.00076243,             0.07104,            0.020217,                   0,            0.051887,           0.0048866,           0.0048866
                  27,            0.074143,            0.015839,                   0,           0.0046667,              0.4375,           0.0045293,          0.00076243,             0.07104,            0.020217,                   0,            0.050055,           0.0050545,           0.0050545
                  28,            0.074133,            0.011229,                   0,           0.0033333,              0.3125,           0.0044458,          0.00076607,            0.067439,            0.020104,                   0,            0.048221,           0.0052212,           0.0052212
                  29,            0.071565,            0.013987,                   0,           0.0046667,              0.4375,            0.050058,           0.0079735,             0.07022,            0.020962,                   0,            0.046387,           0.0053867,           0.0053867
                  30,            0.069803,            0.014748,                   0,           0.0046667,              0.4375,            0.050058,           0.0079735,             0.07022,            0.020962,                   0,            0.044551,            0.005551,            0.005551
                  31,            0.068646,            0.016688,                   0,               0.006,              0.5625,            0.080006,             0.01264,             0.06352,            0.020952,                   0,            0.042714,           0.0057141,           0.0057141
                  32,            0.063496,            0.014694,                   0,            0.087092,              0.5625,              0.2592,            0.050576,            0.068037,            0.020974,                   0,            0.040876,            0.005876,            0.005876
                  33,            0.088753,            0.015542,                   0,            0.087092,              0.5625,              0.2592,            0.050576,            0.068037,            0.020974,                   0,            0.039037,           0.0060367,           0.0060367
                  34,             0.06504,            0.013092,                   0,           0.0033333,              0.3125,           0.0093794,           0.0015459,            0.073298,            0.017448,                   0,            0.037196,           0.0061962,           0.0061962
                  35,            0.086415,            0.018694,                   0,             0.10207,                0.25,              0.1184,            0.020209,            0.070495,            0.016923,                   0,            0.035354,           0.0063545,           0.0063545
                  36,            0.067524,            0.011615,                   0,             0.10207,                0.25,              0.1184,            0.020209,            0.070495,            0.016923,                   0,            0.033512,           0.0065116,           0.0065116
                  37,            0.086887,            0.016177,                   0,             0.22002,              0.1875,             0.13678,            0.018078,            0.065817,            0.019004,                   0,            0.031668,           0.0066675,           0.0066675
                  38,            0.097821,            0.013287,                   0,             0.13233,                 0.5,             0.12525,            0.036987,            0.060786,            0.020397,                   0,            0.029822,           0.0068222,           0.0068222
                  39,            0.081067,            0.014485,                   0,             0.13233,                 0.5,             0.12525,            0.036987,            0.060786,            0.020397,                   0,            0.027976,           0.0069757,           0.0069757
                  40,            0.059214,            0.012036,                   0,             0.13937,             0.49601,             0.14031,            0.025788,            0.059017,            0.020291,                   0,            0.026128,            0.007128,            0.007128
                  41,            0.053443,            0.016791,                   0,           0.0063766,              0.0625,           0.0020699,          0.00040582,            0.074013,            0.018914,                   0,            0.024279,           0.0072791,           0.0072791
                  42,            0.091996,            0.013693,                   0,           0.0063766,              0.0625,           0.0020699,          0.00040582,            0.074013,            0.018914,                   0,            0.022429,            0.007429,            0.007429
                  43,             0.11775,            0.013935,                   0,            0.038795,              0.1875,            0.023861,            0.005115,            0.064062,            0.021476,                   0,            0.020578,           0.0075777,           0.0075777
                  44,            0.085559,            0.015035,                   0,            0.038795,              0.1875,            0.023861,            0.005115,            0.064062,            0.021476,                   0,            0.018725,           0.0077252,           0.0077252
                  45,            0.081405,            0.011162,                   0,           0.0060452,              0.1875,           0.0045564,          0.00067086,            0.064844,             0.02301,                   0,            0.016871,           0.0078715,           0.0078715
                  46,            0.084583,             0.01175,                   0,           0.0060452,              0.1875,           0.0045564,          0.00067086,            0.064844,             0.02301,                   0,            0.015017,           0.0080166,           0.0080166
                  47,             0.07754,            0.014436,                   0,            0.038216,             0.14426,            0.026825,           0.0056574,            0.058928,            0.023658,                   0,            0.013161,           0.0081605,           0.0081605
                  48,            0.077521,            0.014103,                   0,            0.038216,             0.14426,            0.026825,           0.0056574,            0.058928,            0.023658,                   0,            0.011303,           0.0083032,           0.0083032
                  49,            0.072929,            0.014507,                   0,            0.018129,              0.0625,           0.0024369,          0.00043559,            0.069884,            0.026764,                   0,           0.0094447,           0.0084447,           0.0084447
                  50,            0.059196,            0.011711,                   0,            0.018129,              0.0625,           0.0024369,          0.00043559,            0.069884,            0.026764,                   0,              0.0085,              0.0085,              0.0085
                  51,            0.062802,            0.010348,                   0,            0.010313,               0.125,            0.008063,           0.0014541,            0.065239,            0.022989,                   0,              0.0085,              0.0085,              0.0085
                  52,            0.067594,            0.010791,                   0,            0.010313,               0.125,            0.008063,           0.0014541,            0.065239,            0.022989,                   0,             0.00847,             0.00847,             0.00847
                  53,            0.062851,            0.011098,                   0,            0.031047,               0.125,            0.018875,           0.0031303,            0.060893,            0.022452,                   0,             0.00844,             0.00844,             0.00844
                  54,            0.064125,           0.0095105,                   0,            0.031047,               0.125,            0.018875,           0.0031303,            0.060893,            0.022452,                   0,             0.00841,             0.00841,             0.00841
                  55,             0.10127,            0.014216,                   0,             0.10518,               0.375,            0.087651,            0.015994,            0.055786,            0.024124,                   0,             0.00838,             0.00838,             0.00838
                  56,            0.079417,            0.018649,                   0,             0.10518,               0.375,            0.087651,            0.015994,            0.055786,            0.024124,                   0,             0.00835,             0.00835,             0.00835
                  57,            0.056841,            0.011372,                   0,             0.17941,                0.25,             0.15303,            0.037255,            0.063234,            0.021575,                   0,             0.00832,             0.00832,             0.00832
                  58,            0.078583,            0.015623,                   0,             0.17941,                0.25,             0.15303,            0.037255,            0.063234,            0.021575,                   0,             0.00829,             0.00829,             0.00829
                  59,            0.080641,            0.013492,                   0,             0.27676,              0.4375,             0.29296,            0.054844,            0.048229,            0.024516,                   0,             0.00826,             0.00826,             0.00826
                  60,            0.049691,            0.014298,                   0,             0.27676,              0.4375,             0.29296,            0.054844,            0.048229,            0.024516,                   0,             0.00823,             0.00823,             0.00823
                  61,            0.076393,            0.014541,                   0,             0.20904,              0.3125,             0.14865,            0.031976,            0.054264,            0.021222,                   0,              0.0082,              0.0082,              0.0082
                  62,            0.051936,            0.015502,                   0,             0.20904,              0.3125,             0.14865,            0.031976,            0.054264,            0.021222,                   0,             0.00817,             0.00817,             0.00817
                  63,            0.076045,            0.014292,                   0,             0.17905,              0.5625,             0.15204,            0.053327,            0.044933,            0.022225,                   0,             0.00814,             0.00814,             0.00814
                  64,            0.072135,            0.013222,                   0,             0.17905,              0.5625,             0.15204,            0.053327,            0.044933,            0.022225,                   0,             0.00811,             0.00811,             0.00811
                  65,            0.069346,            0.011766,                   0,             0.18052,               0.375,             0.23998,             0.07241,            0.047565,            0.019788,                   0,             0.00808,             0.00808,             0.00808
                  66,            0.045911,            0.014095,                   0,             0.18052,               0.375,             0.23998,             0.07241,            0.047565,            0.019788,                   0,             0.00805,             0.00805,             0.00805
                  67,             0.04701,            0.011543,                   0,            0.060585,               0.375,             0.04847,           0.0086461,             0.05682,            0.015368,                   0,             0.00802,             0.00802,             0.00802
                  68,            0.054543,            0.011972,                   0,            0.060585,               0.375,             0.04847,           0.0086461,             0.05682,            0.015368,                   0,             0.00799,             0.00799,             0.00799
                  69,            0.051115,            0.013159,                   0,             0.19145,               0.625,             0.16136,            0.028084,            0.057438,            0.014785,                   0,             0.00796,             0.00796,             0.00796
                  70,            0.054854,            0.010525,                   0,             0.19145,               0.625,             0.16136,            0.028084,            0.057438,            0.014785,                   0,             0.00793,             0.00793,             0.00793
                  71,             0.10567,            0.013013,                   0,             0.19731,              0.4375,             0.14125,            0.031226,            0.055775,            0.014269,                   0,              0.0079,              0.0079,              0.0079
                  72,            0.055762,           0.0093985,                   0,             0.19731,              0.4375,             0.14125,            0.031226,            0.055775,            0.014269,                   0,             0.00787,             0.00787,             0.00787
                  73,             0.07435,             0.01423,                   0,             0.13401,              0.3125,             0.13992,            0.025799,            0.060584,             0.01344,                   0,             0.00784,             0.00784,             0.00784
                  74,            0.051178,           0.0085499,                   0,             0.13401,              0.3125,             0.13992,            0.025799,            0.060584,             0.01344,                   0,             0.00781,             0.00781,             0.00781
                  75,            0.053908,            0.012545,                   0,             0.16504,              0.5625,             0.13564,             0.03486,            0.056061,            0.013872,                   0,             0.00778,             0.00778,             0.00778
                  76,            0.078452,            0.010821,                   0,             0.16504,              0.5625,             0.13564,             0.03486,            0.056061,            0.013872,                   0,             0.00775,             0.00775,             0.00775
                  77,            0.072806,           0.0099853,                   0,             0.22554,              0.6875,             0.20337,            0.046432,            0.056677,            0.013312,                   0,             0.00772,             0.00772,             0.00772
                  78,            0.077286,           0.0099567,                   0,             0.22554,              0.6875,             0.20337,            0.046432,            0.056677,            0.013312,                   0,             0.00769,             0.00769,             0.00769
                  79,            0.078437,           0.0098149,                   0,             0.54733,             0.75592,             0.68799,             0.21515,            0.047776,            0.013677,                   0,             0.00766,             0.00766,             0.00766
                  80,            0.073875,            0.011471,                   0,             0.54733,             0.75592,             0.68799,             0.21515,            0.047776,            0.013677,                   0,             0.00763,             0.00763,             0.00763
                  81,            0.069463,            0.011097,                   0,             0.32253,             0.62485,             0.31141,              0.0617,            0.051684,            0.014071,                   0,              0.0076,              0.0076,              0.0076
                  82,            0.070527,            0.011332,                   0,             0.32253,             0.62485,             0.31141,              0.0617,            0.051684,            0.014071,                   0,             0.00757,             0.00757,             0.00757
                  83,            0.069445,            0.011877,                   0,             0.43747,               0.625,             0.49025,             0.11803,            0.040658,            0.014763,                   0,             0.00754,             0.00754,             0.00754
                  84,            0.046374,            0.010752,                   0,             0.43747,               0.625,             0.49025,             0.11803,            0.040658,            0.014763,                   0,             0.00751,             0.00751,             0.00751
                  85,            0.042536,            0.011224,                   0,             0.51127,              0.6875,             0.52437,              0.1137,            0.047474,            0.015068,                   0,             0.00748,             0.00748,             0.00748
                  86,            0.073449,            0.013864,                   0,             0.51127,              0.6875,             0.52437,              0.1137,            0.047474,            0.015068,                   0,             0.00745,             0.00745,             0.00745
                  87,            0.046031,           0.0097822,                   0,             0.31404,              0.4375,             0.22204,            0.035655,             0.05166,            0.014454,                   0,             0.00742,             0.00742,             0.00742
                  88,            0.051709,             0.00857,                   0,             0.31404,              0.4375,             0.22204,            0.035655,             0.05166,            0.014454,                   0,             0.00739,             0.00739,             0.00739
                  89,            0.049193,            0.011522,                   0,             0.33956,               0.625,             0.40323,             0.17004,            0.043109,            0.015345,                   0,             0.00736,             0.00736,             0.00736
                  90,            0.067054,            0.011373,                   0,             0.33956,               0.625,             0.40323,             0.17004,            0.043109,            0.015345,                   0,             0.00733,             0.00733,             0.00733
                  91,            0.044109,            0.011675,                   0,             0.58566,              0.6875,             0.64137,             0.16695,             0.04628,            0.014919,                   0,              0.0073,              0.0073,              0.0073
                  92,            0.046232,            0.011252,                   0,             0.58566,              0.6875,             0.64137,             0.16695,             0.04628,            0.014919,                   0,             0.00727,             0.00727,             0.00727
                  93,            0.089389,            0.010231,                   0,             0.46054,              0.6875,             0.53772,             0.16665,             0.03632,            0.017773,                   0,             0.00724,             0.00724,             0.00724
                  94,            0.069425,            0.011844,                   0,             0.46054,              0.6875,             0.53772,             0.16665,             0.03632,            0.017773,                   0,             0.00721,             0.00721,             0.00721
                  95,            0.064139,            0.013599,                   0,             0.64969,              0.8125,             0.72622,             0.22618,            0.039192,            0.017147,                   0,             0.00718,             0.00718,             0.00718
                  96,            0.039717,             0.01221,                   0,             0.64969,              0.8125,             0.72622,             0.22618,            0.039192,            0.017147,                   0,             0.00715,             0.00715,             0.00715
                  97,            0.041418,            0.011098,                   0,             0.62676,             0.73529,             0.73209,             0.21817,            0.035723,            0.017244,                   0,             0.00712,             0.00712,             0.00712
                  98,            0.057693,            0.012509,                   0,             0.62676,             0.73529,             0.73209,             0.21817,            0.035723,            0.017244,                   0,             0.00709,             0.00709,             0.00709
                  99,            0.042691,           0.0097449,                   0,             0.34113,                 0.5,              0.3161,            0.070288,            0.046743,            0.015691,                   0,             0.00706,             0.00706,             0.00706
                 100,            0.044594,           0.0092194,                   0,             0.34113,                 0.5,              0.3161,            0.070288,            0.046743,            0.015691,                   0,             0.00703,             0.00703,             0.00703
                 101,            0.045194,            0.011378,                   0,             0.33773,               0.625,             0.34663,             0.08101,            0.043796,            0.016006,                   0,               0.007,               0.007,               0.007
                 102,            0.089547,           0.0094204,                   0,             0.33773,               0.625,             0.34663,             0.08101,            0.043796,            0.016006,                   0,             0.00697,             0.00697,             0.00697
                 103,            0.064641,             0.01237,                   0,             0.53504,               0.875,             0.58855,             0.17552,            0.038768,             0.01478,                   0,             0.00694,             0.00694,             0.00694
                 104,            0.066115,            0.010132,                   0,             0.53504,               0.875,             0.58855,             0.17552,            0.038768,             0.01478,                   0,             0.00691,             0.00691,             0.00691
                 105,             0.06443,            0.010985,                   0,             0.69125,               0.875,             0.75515,             0.28539,            0.034995,            0.014223,                   0,             0.00688,             0.00688,             0.00688
                 106,            0.063462,            0.010876,                   0,             0.69125,               0.875,             0.75515,             0.28539,            0.034995,            0.014223,                   0,             0.00685,             0.00685,             0.00685
                 107,            0.037319,            0.009796,                   0,             0.68671,               0.625,              0.6727,             0.11932,             0.04615,            0.013171,                   0,             0.00682,             0.00682,             0.00682
                 108,            0.066477,           0.0093563,                   0,             0.68671,               0.625,              0.6727,             0.11932,             0.04615,            0.013171,                   0,             0.00679,             0.00679,             0.00679
                 109,            0.069769,             0.01067,                   0,             0.77886,              0.5625,             0.68782,             0.13647,            0.036981,            0.015048,                   0,             0.00676,             0.00676,             0.00676
                 110,             0.04165,            0.011925,                   0,             0.77886,              0.5625,             0.68782,             0.13647,            0.036981,            0.015048,                   0,             0.00673,             0.00673,             0.00673
                 111,            0.045641,            0.010228,                   0,             0.71404,             0.78119,             0.70292,             0.15208,            0.040393,            0.014102,                   0,              0.0067,              0.0067,              0.0067
                 112,            0.041634,            0.012579,                   0,             0.71404,             0.78119,             0.70292,             0.15208,            0.040393,            0.014102,                   0,             0.00667,             0.00667,             0.00667
                 113,            0.060199,           0.0094444,                   0,             0.87144,             0.84827,             0.91115,             0.24721,            0.037534,            0.013532,                   0,             0.00664,             0.00664,             0.00664
                 114,            0.041942,           0.0089236,                   0,             0.87144,             0.84827,             0.91115,             0.24721,            0.037534,            0.013532,                   0,             0.00661,             0.00661,             0.00661
                 115,            0.040289,            0.010077,                   0,             0.55198,             0.77063,             0.60351,             0.20055,            0.034535,            0.012993,                   0,             0.00658,             0.00658,             0.00658
                 116,            0.080357,            0.012765,                   0,             0.55198,             0.77063,             0.60351,             0.20055,            0.034535,            0.012993,                   0,             0.00655,             0.00655,             0.00655
                 117,            0.039791,            0.010495,                   0,             0.76701,                0.75,             0.83515,             0.29092,            0.033292,            0.012784,                   0,             0.00652,             0.00652,             0.00652
                 118,            0.071724,           0.0082736,                   0,             0.76701,                0.75,             0.83515,             0.29092,            0.033292,            0.012784,                   0,             0.00649,             0.00649,             0.00649
                 119,            0.037477,            0.011184,                   0,             0.75977,              0.8125,             0.74953,             0.16985,            0.035182,            0.012525,                   0,             0.00646,             0.00646,             0.00646
                 120,            0.037788,           0.0077257,                   0,             0.75977,              0.8125,             0.74953,             0.16985,            0.035182,            0.012525,                   0,             0.00643,             0.00643,             0.00643
                 121,            0.037543,           0.0084985,                   0,             0.76196,             0.80081,             0.73561,              0.1901,            0.037721,            0.012142,                   0,              0.0064,              0.0064,              0.0064
                 122,             0.06078,           0.0091627,                   0,             0.76196,             0.80081,             0.73561,              0.1901,            0.037721,            0.012142,                   0,             0.00637,             0.00637,             0.00637
                 123,            0.039568,           0.0095387,                   0,             0.86593,              0.8077,              0.7611,             0.20253,            0.040136,            0.011514,                   0,             0.00634,             0.00634,             0.00634
                 124,            0.039676,           0.0094349,                   0,             0.86593,              0.8077,              0.7611,             0.20253,            0.040136,            0.011514,                   0,             0.00631,             0.00631,             0.00631
                 125,            0.043307,           0.0093207,                   0,              0.8214,             0.86293,             0.85884,             0.29241,            0.032207,            0.011713,                   0,             0.00628,             0.00628,             0.00628
                 126,            0.061235,           0.0092469,                   0,              0.8214,             0.86293,             0.85884,             0.29241,            0.032207,            0.011713,                   0,             0.00625,             0.00625,             0.00625
                 127,            0.039204,            0.009556,                   0,             0.85241,               0.875,             0.89745,             0.31604,            0.035884,            0.011268,                   0,             0.00622,             0.00622,             0.00622
                 128,             0.03558,           0.0076758,                   0,             0.85241,               0.875,             0.89745,             0.31604,            0.035884,            0.011268,                   0,             0.00619,             0.00619,             0.00619
                 129,            0.057979,            0.011547,                   0,              0.8736,             0.86449,             0.90619,             0.33463,            0.029841,            0.011511,                   0,             0.00616,             0.00616,             0.00616
                 130,            0.037881,           0.0079604,                   0,              0.8736,             0.86449,             0.90619,             0.33463,            0.029841,            0.011511,                   0,             0.00613,             0.00613,             0.00613
                 131,            0.034723,           0.0098318,                   0,              0.7668,               0.875,             0.82598,             0.29197,            0.035561,             0.01146,                   0,              0.0061,              0.0061,              0.0061
                 132,            0.073258,           0.0095482,                   0,              0.7668,               0.875,             0.82598,             0.29197,            0.035561,             0.01146,                   0,             0.00607,             0.00607,             0.00607
                 133,            0.055961,            0.011364,                   0,             0.85973,               0.875,             0.94065,              0.3233,            0.032022,            0.011815,                   0,             0.00604,             0.00604,             0.00604
                 134,            0.037119,           0.0097879,                   0,             0.85973,               0.875,             0.94065,              0.3233,            0.032022,            0.011815,                   0,             0.00601,             0.00601,             0.00601
                 135,            0.056322,           0.0098639,                   0,             0.87288,             0.85907,             0.86545,             0.27062,             0.03282,            0.011705,                   0,             0.00598,             0.00598,             0.00598
                 136,            0.034433,           0.0085938,                   0,             0.87288,             0.85907,             0.86545,             0.27062,             0.03282,            0.011705,                   0,             0.00595,             0.00595,             0.00595
                 137,            0.053883,             0.00775,                   0,             0.84674,              0.8125,             0.87653,             0.34246,            0.032858,            0.011446,                   0,             0.00592,             0.00592,             0.00592
                 138,            0.080313,            0.011759,                   0,             0.84674,              0.8125,             0.87653,             0.34246,            0.032858,            0.011446,                   0,             0.00589,             0.00589,             0.00589
                 139,            0.075772,            0.011447,                   0,             0.81754,               0.875,             0.91473,             0.29923,            0.034253,            0.011446,                   0,             0.00586,             0.00586,             0.00586
                 140,            0.059091,            0.010537,                   0,             0.81754,               0.875,             0.91473,             0.29923,            0.034253,            0.011446,                   0,             0.00583,             0.00583,             0.00583
                 141,            0.033774,           0.0094349,                   0,             0.78128,                0.75,             0.74365,             0.23025,            0.036914,            0.011063,                   0,              0.0058,              0.0058,              0.0058
                 142,             0.03762,           0.0094447,                   0,             0.78128,                0.75,             0.74365,             0.23025,            0.036914,            0.011063,                   0,             0.00577,             0.00577,             0.00577
                 143,            0.057467,            0.010225,                   0,             0.87578,               0.875,             0.91004,             0.33612,            0.033818,            0.011071,                   0,             0.00574,             0.00574,             0.00574
                 144,            0.035767,            0.010626,                   0,             0.87578,               0.875,             0.91004,             0.33612,            0.033818,            0.011071,                   0,             0.00571,             0.00571,             0.00571
                 145,            0.052054,            0.011511,                   0,             0.86089,               0.875,             0.89037,             0.21459,            0.036858,            0.011475,                   0,             0.00568,             0.00568,             0.00568
                 146,            0.073988,            0.010334,                   0,             0.86089,               0.875,             0.89037,             0.21459,            0.036858,            0.011475,                   0,             0.00565,             0.00565,             0.00565
                 147,            0.053502,           0.0071916,                   0,             0.86896,               0.875,             0.91782,             0.26406,            0.033302,             0.01142,                   0,             0.00562,             0.00562,             0.00562
                 148,            0.034847,            0.011364,                   0,             0.86896,               0.875,             0.91782,             0.26406,            0.033302,             0.01142,                   0,             0.00559,             0.00559,             0.00559
                 149,            0.055244,           0.0075233,                   0,             0.80186,              0.8125,              0.8095,             0.30307,            0.032277,            0.011341,                   0,             0.00556,             0.00556,             0.00556
                 150,            0.057462,           0.0088598,                   0,             0.80186,              0.8125,              0.8095,             0.30307,            0.032277,            0.011341,                   0,             0.00553,             0.00553,             0.00553
                 151,            0.037451,           0.0093337,                   0,             0.79905,              0.8125,             0.82253,             0.28173,            0.032908,            0.011113,                   0,              0.0055,              0.0055,              0.0055
                 152,              0.0601,            0.010219,                   0,             0.79905,              0.8125,             0.82253,             0.28173,            0.032908,            0.011113,                   0,             0.00547,             0.00547,             0.00547
                 153,            0.033579,            0.010232,                   0,             0.79768,              0.8125,             0.77953,              0.2623,            0.031841,            0.010945,                   0,             0.00544,             0.00544,             0.00544
                 154,            0.064911,           0.0076423,                   0,             0.79768,              0.8125,             0.77953,              0.2623,            0.031841,            0.010945,                   0,             0.00541,             0.00541,             0.00541
                 155,            0.087639,           0.0092112,                   0,             0.84693,              0.8125,             0.83346,             0.30162,            0.032976,              0.0108,                   0,             0.00538,             0.00538,             0.00538
                 156,             0.03755,           0.0097858,                   0,             0.84693,              0.8125,             0.83346,             0.30162,            0.032976,              0.0108,                   0,             0.00535,             0.00535,             0.00535
                 157,            0.039655,           0.0093135,                   0,             0.85856,               0.875,             0.86706,             0.30235,            0.031944,            0.010978,                   0,             0.00532,             0.00532,             0.00532
                 158,            0.036871,            0.009473,                   0,             0.85856,               0.875,             0.86706,             0.30235,            0.031944,            0.010978,                   0,             0.00529,             0.00529,             0.00529
                 159,            0.076019,           0.0094431,                   0,             0.86306,               0.875,             0.89473,             0.36158,            0.031784,            0.011373,                   0,             0.00526,             0.00526,             0.00526
                 160,            0.034449,           0.0087866,                   0,             0.86306,               0.875,             0.89473,             0.36158,            0.031784,            0.011373,                   0,             0.00523,             0.00523,             0.00523
                 161,            0.072921,           0.0090982,                   0,               0.798,              0.8125,             0.85797,             0.33479,            0.029879,            0.011429,                   0,              0.0052,              0.0052,              0.0052
                 162,            0.034022,           0.0095371,                   0,               0.798,              0.8125,             0.85797,             0.33479,            0.029879,            0.011429,                   0,             0.00517,             0.00517,             0.00517
                 163,            0.034917,           0.0080796,                   0,             0.91361,               0.875,             0.92036,             0.36723,            0.032535,            0.011423,                   0,             0.00514,             0.00514,             0.00514
                 164,              0.0367,           0.0095774,                   0,             0.91361,               0.875,             0.92036,             0.36723,            0.032535,            0.011423,                   0,             0.00511,             0.00511,             0.00511
                 165,             0.05563,             0.01096,                   0,             0.91711,               0.875,             0.91581,             0.37253,             0.03246,            0.011442,                   0,             0.00508,             0.00508,             0.00508
                 166,            0.053838,           0.0093523,                   0,             0.91711,               0.875,             0.91581,             0.37253,             0.03246,            0.011442,                   0,             0.00505,             0.00505,             0.00505
                 167,             0.05178,             0.01077,                   0,             0.91628,               0.875,             0.91869,             0.37066,            0.030452,            0.011492,                   0,             0.00502,             0.00502,             0.00502
                 168,            0.033243,            0.010046,                   0,             0.91628,               0.875,             0.91869,             0.37066,            0.030452,            0.011492,                   0,             0.00499,             0.00499,             0.00499
                 169,            0.071036,           0.0094005,                   0,             0.91246,               0.875,             0.92252,             0.36426,            0.030484,            0.011483,                   0,             0.00496,             0.00496,             0.00496
                 170,            0.033841,           0.0090628,                   0,             0.91246,               0.875,             0.92252,             0.36426,            0.030484,            0.011483,                   0,             0.00493,             0.00493,             0.00493
                 171,            0.053575,           0.0094735,                   0,             0.91476,               0.875,             0.92405,              0.3621,              0.0331,            0.011076,                   0,              0.0049,              0.0049,              0.0049
                 172,            0.035417,            0.010755,                   0,             0.91476,               0.875,             0.92405,              0.3621,              0.0331,            0.011076,                   0,             0.00487,             0.00487,             0.00487
                 173,            0.070209,            0.011348,                   0,             0.91846,               0.875,             0.91928,             0.34895,            0.030639,            0.011318,                   0,             0.00484,             0.00484,             0.00484
                 174,            0.052518,           0.0099546,                   0,             0.91846,               0.875,             0.91928,             0.34895,            0.030639,            0.011318,                   0,             0.00481,             0.00481,             0.00481
                 175,            0.070691,           0.0097007,                   0,             0.91737,               0.875,             0.91658,             0.36559,            0.031161,            0.011327,                   0,             0.00478,             0.00478,             0.00478
                 176,            0.051207,            0.012224,                   0,             0.91737,               0.875,             0.91658,             0.36559,            0.031161,            0.011327,                   0,             0.00475,             0.00475,             0.00475
                 177,            0.034555,            0.010892,                   0,             0.78502,                0.75,             0.74069,              0.2505,            0.031644,            0.011383,                   0,             0.00472,             0.00472,             0.00472
                 178,            0.055493,           0.0096444,                   0,             0.78502,                0.75,             0.74069,              0.2505,            0.031644,            0.011383,                   0,             0.00469,             0.00469,             0.00469
                 179,            0.052946,            0.014485,                   0,             0.91826,               0.875,             0.94742,             0.33704,             0.02914,             0.01142,                   0,             0.00466,             0.00466,             0.00466
                 180,            0.035619,            0.010281,                   0,             0.91826,               0.875,             0.94742,             0.33704,             0.02914,             0.01142,                   0,             0.00463,             0.00463,             0.00463
                 181,            0.031992,           0.0096275,                   0,             0.91842,               0.875,             0.94141,             0.36706,            0.029353,            0.011403,                   0,              0.0046,              0.0046,              0.0046
                 182,            0.033105,           0.0098804,                   0,             0.91842,               0.875,             0.94141,             0.36706,            0.029353,            0.011403,                   0,             0.00457,             0.00457,             0.00457
                 183,            0.058064,           0.0089514,                   0,             0.91694,               0.875,             0.94624,             0.36052,            0.029674,            0.011117,                   0,             0.00454,             0.00454,             0.00454
                 184,            0.032212,           0.0093897,                   0,             0.91694,               0.875,             0.94624,             0.36052,            0.029674,            0.011117,                   0,             0.00451,             0.00451,             0.00451
                 185,            0.034352,           0.0090928,                   0,             0.93614,             0.91717,              0.9459,             0.37155,            0.027249,            0.011236,                   0,             0.00448,             0.00448,             0.00448
                 186,             0.05098,           0.0089157,                   0,             0.93614,             0.91717,              0.9459,             0.37155,            0.027249,            0.011236,                   0,             0.00445,             0.00445,             0.00445
                 187,            0.034789,            0.010212,                   0,             0.85894,              0.9375,             0.94727,             0.40296,            0.026654,            0.011162,                   0,             0.00442,             0.00442,             0.00442
                 188,             0.03204,            0.011046,                   0,             0.85894,              0.9375,             0.94727,             0.40296,            0.026654,            0.011162,                   0,             0.00439,             0.00439,             0.00439
                 189,            0.037745,           0.0068513,                   0,             0.91442,               0.875,             0.91942,             0.35847,            0.028636,            0.010954,                   0,             0.00436,             0.00436,             0.00436
                 190,            0.055251,            0.010757,                   0,             0.91442,               0.875,             0.91942,             0.35847,            0.028636,            0.010954,                   0,             0.00433,             0.00433,             0.00433
                 191,            0.030792,           0.0095795,                   0,             0.91248,               0.875,             0.92178,             0.34765,            0.027453,            0.011005,                   0,              0.0043,              0.0043,              0.0043
                 192,            0.054486,           0.0075233,                   0,             0.91248,               0.875,             0.92178,             0.34765,            0.027453,            0.011005,                   0,             0.00427,             0.00427,             0.00427
                 193,            0.055031,           0.0093108,                   0,             0.82226,              0.9375,             0.90731,             0.34545,             0.02557,            0.010971,                   0,             0.00424,             0.00424,             0.00424
                 194,            0.035231,           0.0079648,                   0,             0.82226,              0.9375,             0.90731,             0.34545,             0.02557,            0.010971,                   0,             0.00421,             0.00421,             0.00421
                 195,            0.033247,           0.0095906,                   0,             0.82228,              0.9375,             0.91741,             0.34193,            0.026861,            0.010832,                   0,             0.00418,             0.00418,             0.00418
                 196,            0.029945,            0.008792,                   0,             0.82228,              0.9375,             0.91741,             0.34193,            0.026861,            0.010832,                   0,             0.00415,             0.00415,             0.00415
                 197,             0.05236,           0.0087156,                   0,             0.87165,              0.9375,             0.96099,             0.36554,            0.027973,            0.010724,                   0,             0.00412,             0.00412,             0.00412
                 198,             0.03046,           0.0067048,                   0,             0.87165,              0.9375,             0.96099,             0.36554,            0.027973,            0.010724,                   0,             0.00409,             0.00409,             0.00409
                 199,            0.034251,           0.0098806,                   0,             0.87004,              0.9375,             0.95891,             0.36563,            0.027559,            0.010768,                   0,             0.00406,             0.00406,             0.00406
                 200,             0.05282,            0.010721,                   0,             0.87004,              0.9375,             0.95891,             0.36563,            0.027559,            0.010768,                   0,             0.00403,             0.00403,             0.00403
                 201,            0.034601,           0.0094637,                   0,             0.86974,              0.9375,              0.9658,             0.37098,            0.028979,            0.010669,                   0,               0.004,               0.004,               0.004
                 202,            0.080433,           0.0074653,                   0,             0.86974,              0.9375,              0.9658,             0.37098,            0.028979,            0.010669,                   0,             0.00397,             0.00397,             0.00397
                 203,            0.034605,           0.0084197,                   0,             0.84658,              0.8125,             0.84395,             0.32428,            0.030072,            0.010683,                   0,             0.00394,             0.00394,             0.00394
                 204,            0.031599,            0.010806,                   0,             0.84658,              0.8125,             0.84395,             0.32428,            0.030072,            0.010683,                   0,             0.00391,             0.00391,             0.00391
                 205,            0.055079,            0.011088,                   0,              0.8708,              0.9375,             0.95891,             0.36241,            0.028733,            0.010693,                   0,             0.00388,             0.00388,             0.00388
                 206,            0.052403,           0.0089125,                   0,              0.8708,              0.9375,             0.95891,             0.36241,            0.028733,            0.010693,                   0,             0.00385,             0.00385,             0.00385
                 207,            0.073977,            0.011796,                   0,             0.87076,              0.9375,             0.95701,             0.37968,            0.027219,            0.010737,                   0,             0.00382,             0.00382,             0.00382
                 208,            0.032466,           0.0087385,                   0,             0.87076,              0.9375,             0.95701,             0.37968,            0.027219,            0.010737,                   0,             0.00379,             0.00379,             0.00379
                 209,            0.034511,           0.0098365,                   0,              0.9152,               0.875,             0.96291,              0.3839,            0.027254,            0.010637,                   0,             0.00376,             0.00376,             0.00376
                 210,            0.050727,           0.0084462,                   0,              0.9152,               0.875,             0.96291,              0.3839,            0.027254,            0.010637,                   0,             0.00373,             0.00373,             0.00373
                 211,            0.052361,            0.010022,                   0,             0.83926,             0.97973,             0.97205,              0.3874,             0.02841,            0.010499,                   0,              0.0037,              0.0037,              0.0037
                 212,            0.032065,           0.0076346,                   0,             0.83926,             0.97973,             0.97205,              0.3874,             0.02841,            0.010499,                   0,             0.00367,             0.00367,             0.00367
                 213,            0.030074,           0.0094906,                   0,             0.91807,               0.875,             0.94095,             0.32388,            0.029254,            0.010488,                   0,             0.00364,             0.00364,             0.00364
                 214,            0.051522,           0.0087283,                   0,             0.91807,               0.875,             0.94095,             0.32388,            0.029254,            0.010488,                   0,             0.00361,             0.00361,             0.00361
                 215,            0.030633,           0.0085217,                   0,             0.93648,             0.92223,             0.97365,             0.39867,            0.028153,            0.010471,                   0,             0.00358,             0.00358,             0.00358
                 216,            0.030881,            0.012434,                   0,             0.93648,             0.92223,             0.97365,             0.39867,            0.028153,            0.010471,                   0,             0.00355,             0.00355,             0.00355
                 217,            0.029974,           0.0077568,                   0,             0.88243,             0.93825,             0.97646,             0.39577,            0.029331,            0.010424,                   0,             0.00352,             0.00352,             0.00352
                 218,            0.048726,            0.011764,                   0,             0.88243,             0.93825,             0.97646,             0.39577,            0.029331,            0.010424,                   0,             0.00349,             0.00349,             0.00349
                 219,            0.031944,           0.0087412,                   0,             0.88757,             0.98737,               0.973,             0.39867,             0.03012,            0.010288,                   0,             0.00346,             0.00346,             0.00346
                 220,            0.073795,           0.0092448,                   0,             0.88757,             0.98737,               0.973,             0.39867,             0.03012,            0.010288,                   0,             0.00343,             0.00343,             0.00343
                 221,            0.032783,           0.0092566,                   0,             0.91764,               0.875,              0.9698,             0.39694,            0.029989,            0.010279,                   0,              0.0034,              0.0034,              0.0034
                 222,            0.048383,           0.0071614,                   0,             0.91764,               0.875,              0.9698,             0.39694,            0.029989,            0.010279,                   0,             0.00337,             0.00337,             0.00337
                 223,            0.061555,            0.012643,                   0,             0.93632,             0.91986,             0.97803,             0.41785,            0.026808,            0.010422,                   0,             0.00334,             0.00334,             0.00334
                 224,            0.033109,           0.0088089,                   0,             0.93632,             0.91986,             0.97803,             0.41785,            0.026808,            0.010422,                   0,             0.00331,             0.00331,             0.00331
                 225,            0.031342,            0.010284,                   0,             0.83606,              0.9375,             0.97447,             0.43002,            0.026611,            0.010419,                   0,             0.00328,             0.00328,             0.00328
                 226,            0.031658,           0.0092708,                   0,             0.83606,              0.9375,             0.97447,             0.43002,            0.026611,            0.010419,                   0,             0.00325,             0.00325,             0.00325
                 227,            0.031768,           0.0096653,                   0,             0.91509,               0.875,             0.94298,             0.35679,            0.028586,            0.010375,                   0,             0.00322,             0.00322,             0.00322
                 228,            0.043148,           0.0070245,                   0,             0.91509,               0.875,             0.94298,             0.35679,            0.028586,            0.010375,                   0,             0.00319,             0.00319,             0.00319
                 229,            0.028178,            0.010034,                   0,             0.91322,               0.875,             0.97194,             0.39172,             0.02915,            0.010255,                   0,             0.00316,             0.00316,             0.00316
                 230,            0.048652,           0.0097506,                   0,             0.91322,               0.875,             0.97194,             0.39172,             0.02915,            0.010255,                   0,             0.00313,             0.00313,             0.00313
                 231,            0.049221,           0.0098794,                   0,             0.91252,               0.875,             0.97194,             0.40089,            0.027341,            0.010325,                   0,              0.0031,              0.0031,              0.0031
                 232,            0.049795,            0.010432,                   0,             0.91252,               0.875,             0.97194,             0.40089,            0.027341,            0.010325,                   0,             0.00307,             0.00307,             0.00307
                 233,            0.046732,           0.0091704,                   0,             0.92769,               0.875,             0.97594,             0.39326,             0.02799,            0.010338,                   0,             0.00304,             0.00304,             0.00304
                 234,              0.0284,           0.0075561,                   0,             0.92769,               0.875,             0.97594,             0.39326,             0.02799,            0.010338,                   0,             0.00301,             0.00301,             0.00301
                 235,             0.03141,           0.0098096,                   0,             0.92783,               0.875,             0.97594,             0.38571,            0.029206,            0.010339,                   0,             0.00298,             0.00298,             0.00298
                 236,            0.029952,           0.0097818,                   0,             0.92783,               0.875,             0.97594,             0.38571,            0.029206,            0.010339,                   0,             0.00295,             0.00295,             0.00295
                 237,            0.031409,            0.008981,                   0,             0.92703,               0.875,             0.96794,             0.38281,            0.027303,            0.010394,                   0,             0.00292,             0.00292,             0.00292
                 238,            0.035248,           0.0089846,                   0,             0.92703,               0.875,             0.96794,             0.38281,            0.027303,            0.010394,                   0,             0.00289,             0.00289,             0.00289
                 239,            0.044763,           0.0082167,                   0,             0.92752,               0.875,             0.93712,             0.36495,            0.026207,            0.010524,                   0,             0.00286,             0.00286,             0.00286
                 240,            0.032794,           0.0087955,                   0,             0.92752,               0.875,             0.93712,             0.36495,            0.026207,            0.010524,                   0,             0.00283,             0.00283,             0.00283
                 241,            0.029462,           0.0095433,                   0,             0.92751,               0.875,             0.93776,             0.35977,            0.026899,            0.010605,                   0,              0.0028,              0.0028,              0.0028
                 242,            0.051367,           0.0084659,                   0,             0.92751,               0.875,             0.93776,             0.35977,            0.026899,            0.010605,                   0,             0.00277,             0.00277,             0.00277
                 243,             0.02864,            0.010001,                   0,             0.92703,               0.875,             0.96794,             0.39315,            0.025161,            0.010647,                   0,             0.00274,             0.00274,             0.00274
                 244,            0.028632,           0.0092252,                   0,             0.92703,               0.875,             0.96794,             0.39315,            0.025161,            0.010647,                   0,             0.00271,             0.00271,             0.00271
                 245,            0.045103,           0.0070615,                   0,             0.92753,               0.875,             0.96794,             0.37066,            0.025035,            0.010648,                   0,             0.00268,             0.00268,             0.00268
                 246,            0.030561,           0.0095751,                   0,             0.92753,               0.875,             0.96794,             0.37066,            0.025035,            0.010648,                   0,             0.00265,             0.00265,             0.00265
                 247,            0.047026,           0.0090157,                   0,             0.93622,             0.91835,             0.97125,             0.38284,            0.025646,            0.010641,                   0,             0.00262,             0.00262,             0.00262
                 248,            0.032134,           0.0081494,                   0,             0.93622,             0.91835,             0.97125,             0.38284,            0.025646,            0.010641,                   0,             0.00259,             0.00259,             0.00259
                 249,            0.030176,           0.0095254,                   0,             0.91582,               0.875,             0.93445,             0.38332,            0.026029,            0.010644,                   0,             0.00256,             0.00256,             0.00256
                 250,            0.047119,           0.0061472,                   0,             0.91582,               0.875,             0.93445,             0.38332,            0.026029,            0.010644,                   0,             0.00253,             0.00253,             0.00253
                 251,             0.02895,            0.011666,                   0,             0.91445,               0.875,             0.92578,             0.39451,            0.024867,            0.010601,                   0,              0.0025,              0.0025,              0.0025
                 252,            0.052418,            0.010169,                   0,             0.91445,               0.875,             0.92578,             0.39451,            0.024867,            0.010601,                   0,             0.00247,             0.00247,             0.00247
                 253,            0.028802,            0.010663,                   0,             0.91263,               0.875,             0.92741,             0.37331,            0.025171,            0.010548,                   0,             0.00244,             0.00244,             0.00244
                 254,            0.048593,           0.0070078,                   0,             0.91263,               0.875,             0.92741,             0.37331,            0.025171,            0.010548,                   0,             0.00241,             0.00241,             0.00241
                 255,            0.047025,           0.0082424,                   0,             0.91209,               0.875,             0.92673,             0.34503,            0.027922,            0.010497,                   0,             0.00238,             0.00238,             0.00238
                 256,            0.067939,             0.01079,                   0,             0.91209,               0.875,             0.92673,             0.34503,            0.027922,            0.010497,                   0,             0.00235,             0.00235,             0.00235
                 257,            0.048227,           0.0089456,                   0,             0.93655,             0.92327,             0.96486,             0.37013,            0.027259,            0.010522,                   0,             0.00232,             0.00232,             0.00232
                 258,            0.028149,           0.0099855,                   0,             0.93655,             0.92327,             0.96486,             0.37013,            0.027259,            0.010522,                   0,             0.00229,             0.00229,             0.00229
                 259,            0.040646,           0.0084451,                   0,             0.93625,             0.91881,             0.96486,             0.37712,            0.026442,             0.01052,                   0,             0.00226,             0.00226,             0.00226
                 260,            0.040649,           0.0099703,                   0,             0.93625,             0.91881,             0.96486,             0.37712,            0.026442,             0.01052,                   0,             0.00223,             0.00223,             0.00223
                 261,            0.047829,            0.011717,                   0,             0.93633,             0.91998,             0.96486,             0.36962,            0.026369,            0.010509,                   0,              0.0022,              0.0022,              0.0022
                 262,            0.063731,           0.0099854,                   0,             0.93633,             0.91998,             0.96486,             0.36962,            0.026369,            0.010509,                   0,             0.00217,             0.00217,             0.00217
                 263,            0.053535,           0.0090806,                   0,             0.93637,              0.9206,             0.95926,              0.3747,            0.026283,            0.010468,                   0,             0.00214,             0.00214,             0.00214
                 264,            0.046981,            0.008574,                   0,             0.93637,              0.9206,             0.95926,              0.3747,            0.026283,            0.010468,                   0,             0.00211,             0.00211,             0.00211
                 265,            0.029199,            0.011454,                   0,              0.9164,               0.875,             0.92386,             0.34859,            0.026639,            0.010454,                   0,             0.00208,             0.00208,             0.00208
                 266,            0.040347,           0.0089695,                   0,              0.9164,               0.875,             0.92386,             0.34859,            0.026639,            0.010454,                   0,             0.00205,             0.00205,             0.00205
                 267,            0.048826,           0.0089319,                   0,             0.91385,               0.875,             0.92386,             0.32715,            0.026536,            0.010471,                   0,             0.00202,             0.00202,             0.00202
                 268,            0.029163,            0.010754,                   0,             0.91385,               0.875,             0.92386,             0.32715,            0.026536,            0.010471,                   0,             0.00199,             0.00199,             0.00199
                 269,            0.042666,            0.011849,                   0,             0.91432,               0.875,             0.95405,             0.36326,            0.026814,            0.010434,                   0,             0.00196,             0.00196,             0.00196
                 270,            0.043449,           0.0063458,                   0,             0.91432,               0.875,             0.95405,             0.36326,            0.026814,            0.010434,                   0,             0.00193,             0.00193,             0.00193
                 271,            0.032153,            0.008654,                   0,             0.91245,               0.875,             0.95405,             0.36369,            0.028517,            0.010394,                   0,              0.0019,              0.0019,              0.0019
                 272,            0.031688,           0.0075151,                   0,             0.91245,               0.875,             0.95405,             0.36369,            0.028517,            0.010394,                   0,             0.00187,             0.00187,             0.00187
                 273,             0.04817,           0.0091706,                   0,              0.9117,               0.875,             0.95405,             0.36442,             0.02864,             0.01039,                   0,             0.00184,             0.00184,             0.00184
                 274,            0.044488,           0.0080852,                   0,              0.9117,               0.875,             0.95405,             0.36442,             0.02864,             0.01039,                   0,             0.00181,             0.00181,             0.00181
                 275,            0.026688,            0.010212,                   0,             0.91029,               0.875,             0.95405,             0.36785,            0.030332,            0.010366,                   0,             0.00178,             0.00178,             0.00178
                 276,            0.030414,           0.0096459,                   0,             0.91029,               0.875,             0.95405,             0.36785,            0.030332,            0.010366,                   0,             0.00175,             0.00175,             0.00175
                 277,            0.032737,           0.0083669,                   0,             0.91279,               0.875,              0.9221,             0.29243,            0.031199,            0.010392,                   0,             0.00172,             0.00172,             0.00172
                 278,            0.047468,           0.0091446,                   0,             0.91279,               0.875,              0.9221,             0.29243,            0.031199,            0.010392,                   0,             0.00169,             0.00169,             0.00169
                 279,            0.024539,           0.0082652,                   0,             0.91227,               0.875,              0.9221,              0.3201,            0.030334,            0.010454,                   0,             0.00166,             0.00166,             0.00166
                 280,            0.042119,             0.01044,                   0,             0.91227,               0.875,              0.9221,              0.3201,            0.030334,            0.010454,                   0,             0.00163,             0.00163,             0.00163
                 281,            0.028774,            0.010109,                   0,             0.87891,             0.90827,             0.95491,             0.34893,            0.028054,            0.010544,                   0,              0.0016,              0.0016,              0.0016
                 282,            0.030804,           0.0082766,                   0,             0.87891,             0.90827,             0.95491,             0.34893,            0.028054,            0.010544,                   0,             0.00157,             0.00157,             0.00157
                 283,            0.049785,           0.0097257,                   0,             0.91342,               0.875,             0.95197,              0.3528,            0.027912,            0.010555,                   0,             0.00154,             0.00154,             0.00154
                 284,            0.027141,           0.0075596,                   0,             0.91342,               0.875,             0.95197,              0.3528,            0.027912,            0.010555,                   0,             0.00151,             0.00151,             0.00151
                 285,            0.027754,           0.0076998,                   0,             0.87824,             0.90257,             0.95491,             0.34648,              0.0263,            0.010664,                   0,             0.00148,             0.00148,             0.00148
                 286,            0.045495,            0.010272,                   0,             0.87824,             0.90257,             0.95491,             0.34648,              0.0263,            0.010664,                   0,             0.00145,             0.00145,             0.00145
                 287,            0.048193,           0.0094526,                   0,              0.8781,             0.90132,             0.95491,             0.36453,            0.025706,            0.010678,                   0,             0.00142,             0.00142,             0.00142
                 288,             0.02967,           0.0091991,                   0,              0.8781,             0.90132,             0.95491,             0.36453,            0.025706,            0.010678,                   0,             0.00139,             0.00139,             0.00139
                 289,            0.027173,           0.0088012,                   0,             0.87757,             0.89683,             0.95491,              0.3621,            0.025602,            0.010699,                   0,             0.00136,             0.00136,             0.00136
                 290,            0.029531,           0.0079981,                   0,             0.87757,             0.89683,             0.95491,              0.3621,            0.025602,            0.010699,                   0,             0.00133,             0.00133,             0.00133
                 291,             0.06824,            0.011149,                   0,             0.87873,               0.875,             0.95491,             0.35982,            0.025366,            0.010727,                   0,              0.0013,              0.0013,              0.0013
                 292,            0.032475,           0.0079633,                   0,             0.87873,               0.875,             0.95491,             0.35982,            0.025366,            0.010727,                   0,             0.00127,             0.00127,             0.00127
                 293,            0.043396,           0.0083252,                   0,             0.88131,               0.875,             0.95491,             0.34709,            0.026088,            0.010716,                   0,             0.00124,             0.00124,             0.00124
                 294,             0.04616,           0.0078879,                   0,             0.88131,               0.875,             0.95491,             0.34709,            0.026088,            0.010716,                   0,             0.00121,             0.00121,             0.00121
                 295,            0.058936,            0.010758,                   0,              0.8875,               0.875,             0.95491,             0.32699,            0.028103,            0.010643,                   0,             0.00118,             0.00118,             0.00118
                 296,            0.027628,           0.0084749,                   0,              0.8875,               0.875,             0.95491,             0.32699,            0.028103,            0.010643,                   0,             0.00115,             0.00115,             0.00115
                 297,            0.028992,            0.009323,                   0,             0.89236,               0.875,             0.95301,             0.34015,            0.027836,            0.010667,                   0,             0.00112,             0.00112,             0.00112
                 298,            0.026266,           0.0090844,                   0,             0.89236,               0.875,             0.95301,             0.34015,            0.027836,            0.010667,                   0,             0.00109,             0.00109,             0.00109
                 299,             0.02931,           0.0092884,                   0,             0.89839,               0.875,             0.95491,             0.33591,            0.027593,             0.01067,                   0,             0.00106,             0.00106,             0.00106
